Segment,gamecategory,subgamecategory,shift,oblast,city,os,osv,created_year,created_month,created_day,created_hour,created_minute,created_second
24687389.0,24687389.0,24687389.0,24687389.0,24687389.0,24687389.0,24687389.0,24687389.0,24687389.0,24687389.0,24687389.0,24687389.0,24687389.0,24687389.0
3.979878066489737,6.421926271749515,26.428317024534266,1.0536549247877125,43.766246037602436,1249.477202105091,0.16022423432465863,51.037545566280826,2021.0,8.201300793696733,10.131645958995502,12.32463125201292,29.28719890143101,29.523091121543878
1.008711105904515,2.395025321962061,18.143258356383814,1.8156799353372415,18.461225771337133,577.1352916036697,0.366813896290452,47.757307245501096,0.0,0.7329456312877111,6.386569885374388,5.3927356953442045,17.279146480619954,17.311359409804147
1.0,0.0,0.0,-1.0,0.0,0.0,0.0,0.0,2021.0,7.0,2.0,0.0,0.0,0.0
3.0,7.0,10.0,0.0,31.0,732.0,0.0,0.0,2021.0,8.0,4.0,8.0,14.0,15.0
4.0,7.0,38.0,0.0,43.0,1246.0,0.0,46.0,2021.0,8.0,8.0,12.0,29.0,30.0
5.0,7.0,42.0,2.0,57.0,1772.0,0.0,102.0,2021.0,9.0,17.0,16.0,44.0,45.0
5.0,24.0,52.0,9.0,81.0,2412.0,1.0,124.0,2021.0,9.0,20.0,23.0,59.0,59.0
