unique_values,type,pct_missing
53,object,37.829914383648685
27,object,37.81409880779897
2498,object,10.701245778685918
11,object,8.006217255805414
90,object,7.70330015376824
85797,object,0.03853346673052943
254,object,0.0006309286672494693
4,object,0.0005194571712689978
5,int64,0.0
1720033,object,0.0
